epoch,train_loss,train_l1,train_nmse,val_loss,val_l1,val_nmse,epoch_time_sec
1,0.14463092968063163,0.09575810205010422,0.4887282701299663,0.14075577970620967,0.09443619861703018,0.4631958003524396,524.648766040802
