{
  "baseline_mae": {
    "mean": 0.023062942549586296,
    "std": 0.010668549686670303,
    "median": 0.019322965294122696,
    "min": 0.009075144305825233,
    "max": 0.09820178151130676
  },
  "baseline_mse": {
    "mean": 0.004205670207738876,
    "std": 0.0031084148213267326,
    "median": 0.0034019900485873222,
    "min": 0.0006188629195094109,
    "max": 0.029681161046028137
  },
  "baseline_rmse": {
    "mean": 0.060868799686431885,
    "std": 0.022375429049134254,
    "median": 0.05832657963037491,
    "min": 0.024876955896615982,
    "max": 0.17228221893310547
  },
  "baseline_psnr": {
    "mean": 24.906143188476562,
    "std": 3.251335382461548,
    "median": 24.67142105102539,
    "min": 15.275191307067871,
    "max": 32.08405685424805
  },
  "baseline_ssim": {
    "mean": 0.5406371355056763,
    "std": 0.03536074236035347,
    "median": 0.5472452640533447,
    "min": 0.384215772151947,
    "max": 0.6715459227561951
  },
  "baseline_peak_range_error": {
    "mean": 1.070344090461731,
    "std": 6.252821922302246,
    "median": 0.0,
    "min": 0.0,
    "max": 93.0
  },
  "baseline_peak_angle_error": {
    "mean": 2.2074899673461914,
    "std": 5.6953229904174805,
    "median": 1.0,
    "min": 0.0,
    "max": 63.0
  },
  "baseline_peak_l2_error": {
    "mean": 2.846733331680298,
    "std": 8.33362102508545,
    "median": 1.0,
    "min": 0.0,
    "max": 100.84642028808594
  },
  "baseline_com_range_error": {
    "mean": 5.7972869873046875,
    "std": 3.800269365310669,
    "median": 5.252265930175781,
    "min": 0.005718231201171875,
    "max": 18.177509307861328
  },
  "baseline_com_angle_error": {
    "mean": 2.0011720657348633,
    "std": 1.6331498622894287,
    "median": 1.6666259765625,
    "min": 0.001659393310546875,
    "max": 11.389932632446289
  },
  "baseline_com_l2_error": {
    "mean": 6.443915843963623,
    "std": 3.632960557937622,
    "median": 5.888320446014404,
    "min": 0.037565119564533234,
    "max": 18.189006805419922
  },
  "baseline_iou": {
    "mean": 0.44831815361976624,
    "std": 0.12896515429019928,
    "median": 0.4669051766395569,
    "min": 0.050048828125,
    "max": 0.7409766316413879
  },
  "baseline_topk_overlap": {
    "mean": 0.6081238985061646,
    "std": 0.12846791744232178,
    "median": 0.6381418108940125,
    "min": 0.22249388694763184,
    "max": 0.8508557677268982
  },
  "baseline_object_mae": {
    "mean": 0.13562403619289398,
    "std": 0.02454005926847458,
    "median": 0.13570107519626617,
    "min": 0.08219753205776215,
    "max": 0.21903930604457855
  },
  "baseline_object_mse": {
    "mean": 0.030530177056789398,
    "std": 0.015656527131795883,
    "median": 0.028677750378847122,
    "min": 0.007654921617358923,
    "max": 0.10188072174787521
  },
  "model_mae": {
    "mean": 0.014419964514672756,
    "std": 0.0052366540767252445,
    "median": 0.012650460004806519,
    "min": 0.008199892938137054,
    "max": 0.07342688739299774
  },
  "model_mse": {
    "mean": 0.001335260458290577,
    "std": 0.0009446520125493407,
    "median": 0.0009942988399416208,
    "min": 0.0004983878461644053,
    "max": 0.017855502665042877
  },
  "model_rmse": {
    "mean": 0.035144392400979996,
    "std": 0.010006597265601158,
    "median": 0.03153250366449356,
    "min": 0.02232460118830204,
    "max": 0.13362447917461395
  },
  "model_psnr": {
    "mean": 29.379390716552734,
    "std": 2.1965789794921875,
    "median": 30.024459838867188,
    "min": 17.48227882385254,
    "max": 33.02432632446289
  },
  "model_ssim": {
    "mean": 0.6277005076408386,
    "std": 0.051913272589445114,
    "median": 0.6210308074951172,
    "min": 0.43664294481277466,
    "max": 0.7941063642501831
  },
  "model_peak_range_error": {
    "mean": 0.8208501935005188,
    "std": 6.430749893188477,
    "median": 0.0,
    "min": 0.0,
    "max": 123.0
  },
  "model_peak_angle_error": {
    "mean": 0.9863360524177551,
    "std": 5.01821756362915,
    "median": 0.0,
    "min": 0.0,
    "max": 63.0
  },
  "model_peak_l2_error": {
    "mean": 1.5124725103378296,
    "std": 8.117643356323242,
    "median": 0.0,
    "min": 0.0,
    "max": 137.29530334472656
  },
  "model_com_range_error": {
    "mean": 4.088745594024658,
    "std": 3.2848196029663086,
    "median": 3.2045974731445312,
    "min": 0.00038909912109375,
    "max": 16.134662628173828
  },
  "model_com_angle_error": {
    "mean": 1.3252778053283691,
    "std": 1.3682763576507568,
    "median": 0.8399391174316406,
    "min": 0.0006256103515625,
    "max": 8.571245193481445
  },
  "model_com_l2_error": {
    "mean": 4.557444095611572,
    "std": 3.2196457386016846,
    "median": 3.8047842979431152,
    "min": 0.06695060431957245,
    "max": 16.208642959594727
  },
  "model_iou": {
    "mean": 0.6345265507698059,
    "std": 0.20630322396755219,
    "median": 0.6872428059577942,
    "min": 0.14685314893722534,
    "max": 0.9523809552192688
  },
  "model_topk_overlap": {
    "mean": 0.7553552389144897,
    "std": 0.17195360362529755,
    "median": 0.8141809105873108,
    "min": 0.25672370195388794,
    "max": 0.9731051325798035
  },
  "model_object_mae": {
    "mean": 0.04718377813696861,
    "std": 0.018264247104525566,
    "median": 0.04668445885181427,
    "min": 0.01055650319904089,
    "max": 0.10166916996240616
  },
  "model_object_mse": {
    "mean": 0.005190561059862375,
    "std": 0.0031529907137155533,
    "median": 0.004924916662275791,
    "min": 0.0001999287778744474,
    "max": 0.030072370544075966
  }
}